{
  "Get Ticket Active" : {
    "transaction" : "Get Ticket Active",
    "sampleCount" : 4512,
    "errorCount" : 4231,
    "errorPct" : 93.77216,
    "meanResTime" : 205.6708776595742,
    "medianResTime" : 68.0,
    "minResTime" : 52.0,
    "maxResTime" : 7656.0,
    "pct1ResTime" : 287.0,
    "pct2ResTime" : 761.5499999999929,
    "pct3ResTime" : 3637.279999999995,
    "throughput" : 26.7189359799608,
    "receivedKBytesPerSec" : 301.24824706947396,
    "sentKBytesPerSec" : 30.267544664799342
  },
  "POST Create User" : {
    "transaction" : "POST Create User",
    "sampleCount" : 4558,
    "errorCount" : 4087,
    "errorPct" : 89.66652,
    "meanResTime" : 257.9743308468616,
    "medianResTime" : 67.0,
    "minResTime" : 52.0,
    "maxResTime" : 11274.0,
    "pct1ResTime" : 876.0,
    "pct2ResTime" : 903.0500000000002,
    "pct3ResTime" : 6070.619999999944,
    "throughput" : 25.106446264603655,
    "receivedKBytesPerSec" : 36.3222058199805,
    "sentKBytesPerSec" : 24.93482016709172
  },
  "POST Login" : {
    "transaction" : "POST Login",
    "sampleCount" : 4554,
    "errorCount" : 0,
    "errorPct" : 0.0,
    "meanResTime" : 550.8210364514716,
    "medianResTime" : 344.0,
    "minResTime" : 152.0,
    "maxResTime" : 6005.0,
    "pct1ResTime" : 1119.0,
    "pct2ResTime" : 1534.5,
    "pct3ResTime" : 2566.199999999997,
    "throughput" : 25.792055095545006,
    "receivedKBytesPerSec" : 967.8821300356524,
    "sentKBytesPerSec" : 57.702484481723545
  },
  "Total" : {
    "transaction" : "Total",
    "sampleCount" : 36333,
    "errorCount" : 16643,
    "errorPct" : 45.806843,
    "meanResTime" : 235.6285745740777,
    "medianResTime" : 73.0,
    "minResTime" : 43.0,
    "maxResTime" : 13433.0,
    "pct1ResTime" : 875.0,
    "pct2ResTime" : 1139.9500000000007,
    "pct3ResTime" : 2318.970000000005,
    "throughput" : 200.1299938858808,
    "receivedKBytesPerSec" : 2284.6878311384244,
    "sentKBytesPerSec" : 210.17105655663548
  },
  "POST Create Ticket" : {
    "transaction" : "POST Create Ticket",
    "sampleCount" : 4529,
    "errorCount" : 4091,
    "errorPct" : 90.328995,
    "meanResTime" : 228.69419297858263,
    "medianResTime" : 67.0,
    "minResTime" : 52.0,
    "maxResTime" : 13433.0,
    "pct1ResTime" : 318.0,
    "pct2ResTime" : 894.0,
    "pct3ResTime" : 1734.499999999999,
    "throughput" : 25.655259923073874,
    "receivedKBytesPerSec" : 38.37958722660919,
    "sentKBytesPerSec" : 22.673838115607282
  },
  "POST Login-0" : {
    "transaction" : "POST Login-0",
    "sampleCount" : 4554,
    "errorCount" : 0,
    "errorPct" : 0.0,
    "meanResTime" : 76.0234958278438,
    "medianResTime" : 65.0,
    "minResTime" : 52.0,
    "maxResTime" : 2375.0,
    "pct1ResTime" : 90.0,
    "pct2ResTime" : 114.0,
    "pct3ResTime" : 285.4499999999998,
    "throughput" : 25.84607002389371,
    "receivedKBytesPerSec" : 18.04681647176172,
    "sentKBytesPerSec" : 20.593881156461233
  },
  "POST Login-1" : {
    "transaction" : "POST Login-1",
    "sampleCount" : 4554,
    "errorCount" : 0,
    "errorPct" : 0.0,
    "meanResTime" : 73.38032498902072,
    "medianResTime" : 64.0,
    "minResTime" : 50.0,
    "maxResTime" : 878.0,
    "pct1ResTime" : 84.0,
    "pct2ResTime" : 108.0,
    "pct3ResTime" : 285.0,
    "throughput" : 25.83434027127759,
    "receivedKBytesPerSec" : 18.215228199084397,
    "sentKBytesPerSec" : 18.240457047005567
  },
  "POST Login-2" : {
    "transaction" : "POST Login-2",
    "sampleCount" : 4554,
    "errorCount" : 0,
    "errorPct" : 0.0,
    "meanResTime" : 401.2902942468167,
    "medianResTime" : 200.0,
    "minResTime" : 43.0,
    "maxResTime" : 5868.0,
    "pct1ResTime" : 964.5,
    "pct2ResTime" : 1374.25,
    "pct3ResTime" : 2395.4999999999945,
    "throughput" : 25.81383880238299,
    "receivedKBytesPerSec" : 932.4745090821746,
    "sentKBytesPerSec" : 18.95703787050001
  },
  "GET My Ticket" : {
    "transaction" : "GET My Ticket",
    "sampleCount" : 4518,
    "errorCount" : 4234,
    "errorPct" : 93.714035,
    "meanResTime" : 89.68636564851717,
    "medianResTime" : 68.0,
    "minResTime" : 52.0,
    "maxResTime" : 4229.0,
    "pct1ResTime" : 111.0,
    "pct2ResTime" : 281.0500000000002,
    "pct3ResTime" : 329.0,
    "throughput" : 26.13494377342774,
    "receivedKBytesPerSec" : 50.59887043412177,
    "sentKBytesPerSec" : 23.940016854956266
  }
}