{
  "Get Ticket Active" : {
    "transaction" : "Get Ticket Active",
    "sampleCount" : 50,
    "errorCount" : 45,
    "errorPct" : 90.0,
    "meanResTime" : 393.9,
    "medianResTime" : 99.5,
    "minResTime" : 61.0,
    "maxResTime" : 3501.0,
    "pct1ResTime" : 759.6999999999998,
    "pct2ResTime" : 3231.0499999999997,
    "pct3ResTime" : 3501.0,
    "throughput" : 3.006433768264085,
    "receivedKBytesPerSec" : 76.30587269256208,
    "sentKBytesPerSec" : 3.4057257531116587
  },
  "POST Create User" : {
    "transaction" : "POST Create User",
    "sampleCount" : 50,
    "errorCount" : 44,
    "errorPct" : 88.0,
    "meanResTime" : 1299.0,
    "medianResTime" : 148.5,
    "minResTime" : 113.0,
    "maxResTime" : 10850.0,
    "pct1ResTime" : 4115.299999999999,
    "pct2ResTime" : 9520.799999999996,
    "pct3ResTime" : 10850.0,
    "throughput" : 4.365668383829564,
    "receivedKBytesPerSec" : 6.303274796996421,
    "sentKBytesPerSec" : 4.33582494761198
  },
  "POST Login" : {
    "transaction" : "POST Login",
    "sampleCount" : 50,
    "errorCount" : 0,
    "errorPct" : 0.0,
    "meanResTime" : 961.1800000000001,
    "medianResTime" : 242.5,
    "minResTime" : 184.0,
    "maxResTime" : 2791.0,
    "pct1ResTime" : 2731.8,
    "pct2ResTime" : 2768.9,
    "pct3ResTime" : 2791.0,
    "throughput" : 4.4107268877911086,
    "receivedKBytesPerSec" : 165.51855675502821,
    "sentKBytesPerSec" : 9.87003517554693
  },
  "Total" : {
    "transaction" : "Total",
    "sampleCount" : 400,
    "errorCount" : 172,
    "errorPct" : 43.0,
    "meanResTime" : 710.3125,
    "medianResTime" : 102.0,
    "minResTime" : 46.0,
    "maxResTime" : 10959.0,
    "pct1ResTime" : 2661.8,
    "pct2ResTime" : 3307.9499999999994,
    "pct3ResTime" : 9286.890000000003,
    "throughput" : 22.89377289377289,
    "receivedKBytesPerSec" : 301.7371320899153,
    "sentKBytesPerSec" : 24.04203869047619
  },
  "POST Create Ticket" : {
    "transaction" : "POST Create Ticket",
    "sampleCount" : 50,
    "errorCount" : 39,
    "errorPct" : 78.0,
    "meanResTime" : 1649.92,
    "medianResTime" : 104.0,
    "minResTime" : 63.0,
    "maxResTime" : 10959.0,
    "pct1ResTime" : 6483.599999999999,
    "pct2ResTime" : 8929.749999999996,
    "pct3ResTime" : 10959.0,
    "throughput" : 2.988643156007173,
    "receivedKBytesPerSec" : 4.587683988344292,
    "sentKBytesPerSec" : 2.64133013299462
  },
  "POST Login-0" : {
    "transaction" : "POST Login-0",
    "sampleCount" : 50,
    "errorCount" : 0,
    "errorPct" : 0.0,
    "meanResTime" : 563.7600000000001,
    "medianResTime" : 86.0,
    "minResTime" : 60.0,
    "maxResTime" : 2629.0,
    "pct1ResTime" : 2529.5,
    "pct2ResTime" : 2571.3999999999996,
    "pct3ResTime" : 2629.0,
    "throughput" : 4.456725198324271,
    "receivedKBytesPerSec" : 3.111873551564311,
    "sentKBytesPerSec" : 3.5533678915233087
  },
  "POST Login-1" : {
    "transaction" : "POST Login-1",
    "sampleCount" : 50,
    "errorCount" : 0,
    "errorPct" : 0.0,
    "meanResTime" : 338.73999999999995,
    "medianResTime" : 81.0,
    "minResTime" : 57.0,
    "maxResTime" : 2648.0,
    "pct1ResTime" : 2331.499999999997,
    "pct2ResTime" : 2586.5,
    "pct3ResTime" : 2648.0,
    "throughput" : 4.461895413171516,
    "receivedKBytesPerSec" : 3.1459848518650726,
    "sentKBytesPerSec" : 3.150342171604498
  },
  "POST Login-2" : {
    "transaction" : "POST Login-2",
    "sampleCount" : 50,
    "errorCount" : 0,
    "errorPct" : 0.0,
    "meanResTime" : 58.37999999999999,
    "medianResTime" : 56.0,
    "minResTime" : 46.0,
    "maxResTime" : 96.0,
    "pct1ResTime" : 70.5,
    "pct2ResTime" : 80.39999999999995,
    "pct3ResTime" : 96.0,
    "throughput" : 4.463887152932774,
    "receivedKBytesPerSec" : 161.24920487010087,
    "sentKBytesPerSec" : 3.2781671279350055
  },
  "GET My Ticket" : {
    "transaction" : "GET My Ticket",
    "sampleCount" : 50,
    "errorCount" : 44,
    "errorPct" : 88.0,
    "meanResTime" : 417.6199999999999,
    "medianResTime" : 92.0,
    "minResTime" : 62.0,
    "maxResTime" : 3623.0,
    "pct1ResTime" : 2792.399999999996,
    "pct2ResTime" : 3275.35,
    "pct3ResTime" : 3623.0,
    "throughput" : 2.979205148066496,
    "receivedKBytesPerSec" : 6.037545432878508,
    "sentKBytesPerSec" : 2.7289984657093487
  }
}