{
  "Get Ticket Active" : {
    "transaction" : "Get Ticket Active",
    "sampleCount" : 93,
    "errorCount" : 0,
    "errorPct" : 0.0,
    "meanResTime" : 178.96774193548387,
    "medianResTime" : 166.0,
    "minResTime" : 132.0,
    "maxResTime" : 333.0,
    "pct1ResTime" : 232.8,
    "pct2ResTime" : 265.19999999999993,
    "pct3ResTime" : 333.0,
    "throughput" : 0.8212355621489881,
    "receivedKBytesPerSec" : 122.68088396239536,
    "sentKBytesPerSec" : 0.9030383232224224
  },
  "POST Create User" : {
    "transaction" : "POST Create User",
    "sampleCount" : 98,
    "errorCount" : 0,
    "errorPct" : 0.0,
    "meanResTime" : 2774.183673469387,
    "medianResTime" : 2851.0,
    "minResTime" : 882.0,
    "maxResTime" : 6941.0,
    "pct1ResTime" : 5258.5,
    "pct2ResTime" : 5978.9,
    "pct3ResTime" : 6941.0,
    "throughput" : 0.811977496623665,
    "receivedKBytesPerSec" : 1.0704781449628396,
    "sentKBytesPerSec" : 0.7794666788877566
  },
  "POST Login" : {
    "transaction" : "POST Login",
    "sampleCount" : 94,
    "errorCount" : 0,
    "errorPct" : 0.0,
    "meanResTime" : 247.59574468085103,
    "medianResTime" : 203.0,
    "minResTime" : 172.0,
    "maxResTime" : 2750.0,
    "pct1ResTime" : 266.5,
    "pct2ResTime" : 365.0,
    "pct3ResTime" : 2750.0,
    "throughput" : 0.8100654946570148,
    "receivedKBytesPerSec" : 30.398815198422955,
    "sentKBytesPerSec" : 1.7569372630127542
  },
  "Total" : {
    "transaction" : "Total",
    "sampleCount" : 754,
    "errorCount" : 0,
    "errorPct" : 0.0,
    "meanResTime" : 788.8342175066299,
    "medianResTime" : 145.0,
    "minResTime" : 47.0,
    "maxResTime" : 7015.0,
    "pct1ResTime" : 3588.5,
    "pct2ResTime" : 4571.5,
    "pct3ResTime" : 6014.550000000005,
    "throughput" : 6.247255433206566,
    "receivedKBytesPerSec" : 179.30909447161395,
    "sentKBytesPerSec" : 6.347894943161576
  },
  "POST Create Ticket" : {
    "transaction" : "POST Create Ticket",
    "sampleCount" : 94,
    "errorCount" : 0,
    "errorPct" : 0.0,
    "meanResTime" : 2677.010638297873,
    "medianResTime" : 2491.0,
    "minResTime" : 868.0,
    "maxResTime" : 7015.0,
    "pct1ResTime" : 4998.0,
    "pct2ResTime" : 5672.0,
    "pct3ResTime" : 7015.0,
    "throughput" : 0.8046154109530413,
    "receivedKBytesPerSec" : 1.4332212007601048,
    "sentKBytesPerSec" : 0.6843945536524404
  },
  "POST Login-0" : {
    "transaction" : "POST Login-0",
    "sampleCount" : 94,
    "errorCount" : 0,
    "errorPct" : 0.0,
    "meanResTime" : 108.48936170212765,
    "medianResTime" : 71.0,
    "minResTime" : 58.0,
    "maxResTime" : 2582.0,
    "pct1ResTime" : 103.0,
    "pct2ResTime" : 148.25,
    "pct3ResTime" : 2582.0,
    "throughput" : 0.8109670350527559,
    "receivedKBytesPerSec" : 0.5662513965456255,
    "sentKBytesPerSec" : 0.644604885429338
  },
  "POST Login-1" : {
    "transaction" : "POST Login-1",
    "sampleCount" : 94,
    "errorCount" : 0,
    "errorPct" : 0.0,
    "meanResTime" : 79.93617021276594,
    "medianResTime" : 69.0,
    "minResTime" : 59.0,
    "maxResTime" : 327.0,
    "pct1ResTime" : 105.5,
    "pct2ResTime" : 139.0,
    "pct3ResTime" : 327.0,
    "throughput" : 0.8110230106209503,
    "receivedKBytesPerSec" : 0.5718345836604747,
    "sentKBytesPerSec" : 0.5456980999197605
  },
  "POST Login-2" : {
    "transaction" : "POST Login-2",
    "sampleCount" : 94,
    "errorCount" : 0,
    "errorPct" : 0.0,
    "meanResTime" : 58.58510638297871,
    "medianResTime" : 56.0,
    "minResTime" : 47.0,
    "maxResTime" : 90.0,
    "pct1ResTime" : 71.0,
    "pct2ResTime" : 78.25,
    "pct3ResTime" : 90.0,
    "throughput" : 0.8110649973683529,
    "receivedKBytesPerSec" : 29.298138918608764,
    "sentKBytesPerSec" : 0.5686959649516381
  },
  "GET My Ticket" : {
    "transaction" : "GET My Ticket",
    "sampleCount" : 93,
    "errorCount" : 0,
    "errorPct" : 0.0,
    "meanResTime" : 87.47311827956989,
    "medianResTime" : 78.0,
    "minResTime" : 67.0,
    "maxResTime" : 317.0,
    "pct1ResTime" : 111.40000000000003,
    "pct2ResTime" : 151.0,
    "pct3ResTime" : 317.0,
    "throughput" : 0.8213878805543043,
    "receivedKBytesPerSec" : 3.5053369511936623,
    "sentKBytesPerSec" : 0.7251314883018468
  }
}