{
  "Get Ticket Active" : {
    "transaction" : "Get Ticket Active",
    "sampleCount" : 25,
    "errorCount" : 21,
    "errorPct" : 84.0,
    "meanResTime" : 108.16000000000001,
    "medianResTime" : 73.0,
    "minResTime" : 61.0,
    "maxResTime" : 405.0,
    "pct1ResTime" : 236.60000000000028,
    "pct2ResTime" : 377.69999999999993,
    "pct3ResTime" : 405.0,
    "throughput" : 2.099781622711238,
    "receivedKBytesPerSec" : 53.35602519213002,
    "sentKBytesPerSec" : 2.378658869477574
  },
  "POST Create User" : {
    "transaction" : "POST Create User",
    "sampleCount" : 25,
    "errorCount" : 21,
    "errorPct" : 84.0,
    "meanResTime" : 782.36,
    "medianResTime" : 135.0,
    "minResTime" : 115.0,
    "maxResTime" : 6624.0,
    "pct1ResTime" : 3496.4000000000033,
    "pct2ResTime" : 5979.299999999998,
    "pct3ResTime" : 6624.0,
    "throughput" : 2.952290977798772,
    "receivedKBytesPerSec" : 4.245763462446859,
    "sentKBytesPerSec" : 2.9321093011927255
  },
  "POST Login" : {
    "transaction" : "POST Login",
    "sampleCount" : 25,
    "errorCount" : 0,
    "errorPct" : 0.0,
    "meanResTime" : 213.84,
    "medianResTime" : 206.0,
    "minResTime" : 186.0,
    "maxResTime" : 363.0,
    "pct1ResTime" : 251.00000000000014,
    "pct2ResTime" : 341.99999999999994,
    "pct3ResTime" : 363.0,
    "throughput" : 3.0200531529354917,
    "receivedKBytesPerSec" : 113.33162354282435,
    "sentKBytesPerSec" : 6.763857325138922
  },
  "Total" : {
    "transaction" : "Total",
    "sampleCount" : 200,
    "errorCount" : 86,
    "errorPct" : 43.0,
    "meanResTime" : 229.58499999999998,
    "medianResTime" : 74.0,
    "minResTime" : 44.0,
    "maxResTime" : 6624.0,
    "pct1ResTime" : 214.0,
    "pct2ResTime" : 312.94999999999976,
    "pct3ResTime" : 4467.090000000007,
    "throughput" : 15.780337699226761,
    "receivedKBytesPerSec" : 208.0612098341092,
    "sentKBytesPerSec" : 16.579371400110464
  },
  "POST Create Ticket" : {
    "transaction" : "POST Create Ticket",
    "sampleCount" : 25,
    "errorCount" : 22,
    "errorPct" : 88.0,
    "meanResTime" : 437.2800000000001,
    "medianResTime" : 71.0,
    "minResTime" : 60.0,
    "maxResTime" : 3684.0,
    "pct1ResTime" : 2754.8000000000015,
    "pct2ResTime" : 3540.5999999999995,
    "pct3ResTime" : 3684.0,
    "throughput" : 2.1287465940054497,
    "receivedKBytesPerSec" : 3.1991069908038146,
    "sentKBytesPerSec" : 1.8813629566161445
  },
  "POST Login-0" : {
    "transaction" : "POST Login-0",
    "sampleCount" : 25,
    "errorCount" : 0,
    "errorPct" : 0.0,
    "meanResTime" : 74.11999999999999,
    "medianResTime" : 71.0,
    "minResTime" : 62.0,
    "maxResTime" : 134.0,
    "pct1ResTime" : 85.00000000000001,
    "pct2ResTime" : 120.19999999999996,
    "pct3ResTime" : 134.0,
    "throughput" : 3.0704986489805948,
    "receivedKBytesPerSec" : 2.143951693380005,
    "sentKBytesPerSec" : 2.45400009211496
  },
  "POST Login-1" : {
    "transaction" : "POST Login-1",
    "sampleCount" : 25,
    "errorCount" : 0,
    "errorPct" : 0.0,
    "meanResTime" : 71.91999999999999,
    "medianResTime" : 71.0,
    "minResTime" : 57.0,
    "maxResTime" : 93.0,
    "pct1ResTime" : 85.60000000000001,
    "pct2ResTime" : 91.5,
    "pct3ResTime" : 93.0,
    "throughput" : 3.0693677102516883,
    "receivedKBytesPerSec" : 2.164144030079804,
    "sentKBytesPerSec" : 2.1671414594843466
  },
  "POST Login-2" : {
    "transaction" : "POST Login-2",
    "sampleCount" : 25,
    "errorCount" : 0,
    "errorPct" : 0.0,
    "meanResTime" : 67.4,
    "medianResTime" : 60.0,
    "minResTime" : 44.0,
    "maxResTime" : 223.0,
    "pct1ResTime" : 74.4,
    "pct2ResTime" : 178.5999999999999,
    "pct3ResTime" : 223.0,
    "throughput" : 3.080714725816389,
    "receivedKBytesPerSec" : 111.28480244916821,
    "sentKBytesPerSec" : 2.262399876771411
  },
  "GET My Ticket" : {
    "transaction" : "GET My Ticket",
    "sampleCount" : 25,
    "errorCount" : 22,
    "errorPct" : 88.0,
    "meanResTime" : 81.59999999999998,
    "medianResTime" : 72.0,
    "minResTime" : 61.0,
    "maxResTime" : 215.0,
    "pct1ResTime" : 124.80000000000001,
    "pct2ResTime" : 189.19999999999993,
    "pct3ResTime" : 215.0,
    "throughput" : 2.1191828430957025,
    "receivedKBytesPerSec" : 4.396807715944732,
    "sentKBytesPerSec" : 1.9412045965075866
  }
}