{
  "Get Ticket Active" : {
    "transaction" : "Get Ticket Active",
    "sampleCount" : 4451,
    "errorCount" : 3888,
    "errorPct" : 87.35116,
    "meanResTime" : 116.56975960458311,
    "medianResTime" : 67.0,
    "minResTime" : 52.0,
    "maxResTime" : 3686.0,
    "pct1ResTime" : 195.0,
    "pct2ResTime" : 307.39999999999964,
    "pct3ResTime" : 1042.5599999999904,
    "throughput" : 25.072807467201432,
    "receivedKBytesPerSec" : 513.1330528737826,
    "sentKBytesPerSec" : 28.402789708939125
  },
  "POST Create User" : {
    "transaction" : "POST Create User",
    "sampleCount" : 4471,
    "errorCount" : 3981,
    "errorPct" : 89.04048,
    "meanResTime" : 197.5204652203084,
    "medianResTime" : 66.0,
    "minResTime" : 52.0,
    "maxResTime" : 8769.0,
    "pct1ResTime" : 880.0,
    "pct2ResTime" : 898.3999999999996,
    "pct3ResTime" : 1537.5599999999995,
    "throughput" : 24.731034101280528,
    "receivedKBytesPerSec" : 35.76223354053157,
    "sentKBytesPerSec" : 24.561974297853805
  },
  "POST Login" : {
    "transaction" : "POST Login",
    "sampleCount" : 4467,
    "errorCount" : 0,
    "errorPct" : 0.0,
    "meanResTime" : 251.33266174166152,
    "medianResTime" : 206.0,
    "minResTime" : 102.0,
    "maxResTime" : 2801.0,
    "pct1ResTime" : 348.0,
    "pct2ResTime" : 512.0,
    "pct3ResTime" : 932.8799999999974,
    "throughput" : 24.939981017251966,
    "receivedKBytesPerSec" : 935.9068853026771,
    "sentKBytesPerSec" : 55.79928513727597
  },
  "Total" : {
    "transaction" : "Total",
    "sampleCount" : 35702,
    "errorCount" : 15756,
    "errorPct" : 44.13198,
    "meanResTime" : 137.1588986611397,
    "medianResTime" : 68.0,
    "minResTime" : 43.0,
    "maxResTime" : 8769.0,
    "pct1ResTime" : 245.0,
    "pct2ResTime" : 472.8500000000022,
    "pct3ResTime" : 1275.8700000000208,
    "throughput" : 197.09834490830198,
    "receivedKBytesPerSec" : 2477.3933151105784,
    "sentKBytesPerSec" : 206.97389774991996
  },
  "POST Create Ticket" : {
    "transaction" : "POST Create Ticket",
    "sampleCount" : 4459,
    "errorCount" : 3944,
    "errorPct" : 88.450325,
    "meanResTime" : 205.6541825521415,
    "medianResTime" : 66.0,
    "minResTime" : 53.0,
    "maxResTime" : 8422.0,
    "pct1ResTime" : 875.0,
    "pct2ResTime" : 896.0,
    "pct3ResTime" : 1529.7999999999993,
    "throughput" : 24.828500155908948,
    "receivedKBytesPerSec" : 37.2955065335594,
    "sentKBytesPerSec" : 21.94315687607187
  },
  "POST Login-0" : {
    "transaction" : "POST Login-0",
    "sampleCount" : 4467,
    "errorCount" : 0,
    "errorPct" : 0.0,
    "meanResTime" : 72.3989254533244,
    "medianResTime" : 64.0,
    "minResTime" : 52.0,
    "maxResTime" : 2536.0,
    "pct1ResTime" : 84.0,
    "pct2ResTime" : 104.0,
    "pct3ResTime" : 272.3199999999997,
    "throughput" : 24.960048277326422,
    "receivedKBytesPerSec" : 17.428158709266004,
    "sentKBytesPerSec" : 19.89098793555759
  },
  "POST Login-1" : {
    "transaction" : "POST Login-1",
    "sampleCount" : 4467,
    "errorCount" : 0,
    "errorPct" : 0.0,
    "meanResTime" : 68.83792254309404,
    "medianResTime" : 63.0,
    "minResTime" : 51.0,
    "maxResTime" : 2431.0,
    "pct1ResTime" : 79.0,
    "pct2ResTime" : 93.0,
    "pct3ResTime" : 196.63999999999942,
    "throughput" : 24.993845258611042,
    "receivedKBytesPerSec" : 17.622613551481614,
    "sentKBytesPerSec" : 17.64702160349198
  },
  "POST Login-2" : {
    "transaction" : "POST Login-2",
    "sampleCount" : 4467,
    "errorCount" : 0,
    "errorPct" : 0.0,
    "meanResTime" : 110.0306693530334,
    "medianResTime" : 72.0,
    "minResTime" : 43.0,
    "maxResTime" : 2677.0,
    "pct1ResTime" : 169.0,
    "pct2ResTime" : 362.0,
    "pct3ResTime" : 717.0,
    "throughput" : 24.993565569642918,
    "receivedKBytesPerSec" : 902.8437406455972,
    "sentKBytesPerSec" : 18.354649715206516
  },
  "GET My Ticket" : {
    "transaction" : "GET My Ticket",
    "sampleCount" : 4453,
    "errorCount" : 3943,
    "errorPct" : 88.54705,
    "meanResTime" : 74.72580282955317,
    "medianResTime" : 66.0,
    "minResTime" : 53.0,
    "maxResTime" : 3285.0,
    "pct1ResTime" : 86.0,
    "pct2ResTime" : 105.30000000000018,
    "pct3ResTime" : 291.0,
    "throughput" : 25.07206882572857,
    "receivedKBytesPerSec" : 51.987167886933584,
    "sentKBytesPerSec" : 22.966406795442772
  }
}